{"cameraMode":{"drawMode":0,"name":"Shaded","section":"Shading Mode"},"sceneLighting":false,"audioPlay":false,"sceneViewState":{"m_AlwaysRefresh":false,"showFog":true,"showSkybox":false,"showFlares":true,"showImageEffects":true,"showParticleSystems":true,"showVisualEffectGraphs":true,"m_FxEnabled":true},"in2DMode":false,"pivot":{"x":0.7267370223999023,"y":0.0739695131778717,"z":0.5425823926925659},"rotation":{"x":0.035113830119371417,"y":-0.6566929221153259,"z":0.030511898919939996,"w":0.7528216242790222},"size":1.7514240741729737,"orthographic":false}